date,value
1-Apr-2021,
2-Apr-2021,
3-Apr-2021,
4-Apr-2021,1
5-Apr-2021,
6-Apr-2021,
7-Apr-2021,
8-Apr-2021,
9-Apr-2021,
10-Apr-2021,1
11-Apr-2021,1
12-Apr-2021,1
13-Apr-2021,
14-Apr-2021,
15-Apr-2021,
16-Apr-2021,
17-Apr-2021,
18-Apr-2021,
19-Apr-2021,
20-Apr-2021,
21-Apr-2021,
22-Apr-2021,
23-Apr-2021,2
24-Apr-2021,1
25-Apr-2021,1
26-Apr-2021,1
27-Apr-2021,
28-Apr-2021,
29-Apr-2021,
30-Apr-2021,1
1-May-2021,
2-May-2021,
3-May-2021,
4-May-2021,2
5-May-2021,2
6-May-2021,1
7-May-2021,1
8-May-2021,2
9-May-2021,
10-May-2021,
11-May-2021,
12-May-2021,
13-May-2021,
14-May-2021,
15-May-2021,
16-May-2021,
17-May-2021,
18-May-2021,
19-May-2021,
20-May-2021,
21-May-2021,
22-May-2021,
23-May-2021,
24-May-2021,
25-May-2021,
26-May-2021,
27-May-2021,
28-May-2021,
29-May-2021,1
30-May-2021,
31-May-2021,
1-Jun-2021,1
2-Jun-2021,
3-Jun-2021,1
4-Jun-2021,1
5-Jun-2021,
6-Jun-2021,
7-Jun-2021,1
8-Jun-2021,
9-Jun-2021,
10-Jun-2021,
11-Jun-2021,1
12-Jun-2021,1
13-Jun-2021,2
14-Jun-2021,
15-Jun-2021,
16-Jun-2021,
17-Jun-2021,1
18-Jun-2021,1
19-Jun-2021,
20-Jun-2021,
21-Jun-2021,
22-Jun-2021,
23-Jun-2021,1
24-Jun-2021,
25-Jun-2021,1
26-Jun-2021,
27-Jun-2021,
28-Jun-2021,1
29-Jun-2021,2
30-Jun-2021,
1-Jul-2021,
2-Jul-2021,
3-Jul-2021,
4-Jul-2021,
5-Jul-2021,
6-Jul-2021,
7-Jul-2021,
8-Jul-2021,
9-Jul-2021,1
10-Jul-2021,1
11-Jul-2021,2
12-Jul-2021,2
13-Jul-2021,
14-Jul-2021,
15-Jul-2021,1
16-Jul-2021,
17-Jul-2021,
18-Jul-2021,1
19-Jul-2021,2
20-Jul-2021,2
21-Jul-2021,2
22-Jul-2021,1
23-Jul-2021,1
24-Jul-2021,2
25-Jul-2021,2
26-Jul-2021,1
27-Jul-2021,
28-Jul-2021,1
29-Jul-2021,1
30-Jul-2021,
31-Jul-2021,
1-Aug-2021,
2-Aug-2021,1
3-Aug-2021,
4-Aug-2021,
5-Aug-2021,1
6-Aug-2021,
7-Aug-2021,
8-Aug-2021,
9-Aug-2021,
10-Aug-2021,
11-Aug-2021,1
12-Aug-2021,
13-Aug-2021,
14-Aug-2021,1
15-Aug-2021,1
16-Aug-2021,
17-Aug-2021,
18-Aug-2021,
19-Aug-2021,
20-Aug-2021,
21-Aug-2021,1
22-Aug-2021,1
23-Aug-2021,1
24-Aug-2021,1
25-Aug-2021,
26-Aug-2021,
27-Aug-2021,
28-Aug-2021,
29-Aug-2021,
30-Aug-2021,1
31-Aug-2021,
